"name","type","n","missing","unique","mean","median","mode","mode_value","sd","v","min","max","range","skew","skew_2se","kurt","kurt_2se","category","description"
"hpa","numeric",100,0,100,-1.21220835563854,-1.18463870727089,-1.18463870727089,NA,4.93111448453363,NA,-13.9687023806045,11.3748815051712,25.3435838857757,-0.0711511304573911,-0.14738419833743,-0.0521990927815654,-0.0545637626122607,NA,NA
"oLTV","ordered, factor",100,0,11,NA,NA,15,"5",NA,0.889,NA,NA,NA,NA,NA,NA,NA,NA,NA
"LGD","numeric",100,0,100,0.542529482477836,0.6081788101392,0.6081788101392,NA,1.93767522294623,NA,-3.81675689955143,6.16382587024538,9.98058276979682,0.192589303922327,0.398934212070658,-0.330692893508102,-0.345673604222295,NA,NA
