"name","type","n","missing","unique","mean","median","mode","mode_value","sd","v","min","max","range","skew","skew_2se","kurt","kurt_2se","category","description"
"hpa","numeric",12777,0,12777,-1.85768559824509,-1.91328772978829,-1.91328772978829,NA,5.52274229875791,NA,-25.4322700857094,19.1084189771016,44.540689062811,-0.00767621430980339,-0.177136024935101,-0.0301038805880722,-0.347365161547395,NA,NA
"oLTV","ordered, factor",12777,0,11,NA,NA,1320,"80%<oLTV≤90%",NA,0.89995958327645,NA,NA,NA,NA,NA,NA,NA,NA,NA
"LGD","numeric",12777,0,12777,0.783679532702097,0.794430121058526,0.794430121058526,NA,2.12330654977953,NA,-6.6940384374327,10.0312430795681,16.7252815170008,0.0333936218470572,0.770589927983025,-0.0205306066801167,-0.23690027221708,NA,NA
